class	field	offset
?	m_frame	0x0
?	m_controls[0]	0x0
?	m_prefsToken	0x8
?	m_remapTable	0x8
?	m_controls[1]	0xC
?	m_multiplier	0x14
?	m_controls[2]	0x18
?	m_controls[3]	0x24
?	m_destructablePrefs	0x28
?	m_switchModelToken	0x28
?	m_textInset.x	0x34
?	m_textInset.y	0x38
?	m_pref	0x60
?	m_inactiveAtStartup	0x64
?	m_prefToken	0x64
?	m_data	0x6C
?	m_idString	0x70
AVEventPrefs	m_eNPCGunshot	0x24
AVEventPrefs	m_eNPCDamage	0x38
AVEventPrefs	m_ePlayerAmmoStrike	0x4C
AVEventPrefs	m_initialScale	0x58
AVEventPrefs	m_finalScale	0x5C
AVEventPrefs	m_eLookAtSpot	0x60
AVEventPrefs	m_cardInitAngle	0x60
AVEventPrefs	m_cardAngularVel	0x64
AVEventPrefs	m_cardAngularAccel	0x68
AVEventPrefs	m_eSawEnemyPlayer	0x74
AVEventPrefs	m_initialColor	0x74
AVEventPrefs	m_finalColor	0x78
AVEventPrefs	m_textureFramerate	0x7C
AVEventPrefs	m_textureNames	0x80
AVEventPrefs	m_eAttack	0x88
AVEventPrefs	m_glareTextureName	0x98
AVEventPrefs	m_eSawDeadFriend	0x9C
AVEventPrefs	m_distortionTextureName	0x9C
AVEventPrefs	m_blendMode	0xA8
AVEventPrefs	m_eRelax	0xB0
AVEventPrefs	m_eLeaveCombat	0xC4
AVEventPrefs	m_eNPCDeath	0xD8
AVEventPrefs	m_eImmobilize	0xEC
AVEventPrefs	m_eRunCrazy	0x100
AVEventPrefs	m_eSendTo	0x114
AVEventPrefs	m_eBored	0x128
AVEventPrefs	m_eEnteredWater	0x13C
AVEventPrefs	m_eTownBell	0x150
AVEventPrefs	m_ePlayerNoise	0x164
AVEventPrefs	m_eTalkRequest	0x178
AVEventPrefs	m_eOnCompanyProperty	0x18C
AVEventPrefs	m_eSawSteefChange	0x1A0
AVEventPrefs	m_ePanic	0x1B4
AVEventPrefs	m_eNPCShout	0x1C8
AVEventPrefs	m_eBreak	0x1DC
AVEventPrefs	m_eReset	0x1F0
AVEventPrefs	m_eForceJob	0x204
AVEventPrefs	m_eStruggle	0x218
AVEventPrefs	m_eExplosion	0x22C
AVEventPrefs	m_eSawDeadPlayer	0x240
AlarmTag	m_howLongToSound	0x60
AlarmTag	m_timeBetweenSounds	0x64
AlarmTag	m_soundToMake	0x6C
AnimationControl	m_xLo	0x0
AnimationControl	m_xHi	0x4
AnimationControl	m_yLo	0x8
AnimationControl	m_yHi	0xC
AnimationLayerConfig	m_sources	0x8
AnimationLayerConfig	m_version	0x10
Animations	m_autoStart	0x4
Animations	m_name	0x4
Animations	m_randomOffset	0x5
Animations	m_randomSpeed	0x8
Animations	m_blendTime	0xC
Animations	m_motionType	0x28
ArtifactPrefs	m_buyValue	0x10
ArtifactPrefs	m_sellValue	0x14
ArtifactPrefs	m_3DModelName	0x20
ArtifactPrefs	m_3DModelScale	0x24
ArtifactPrefs	m_parameter	0x28
ArtifactPrefs	m_upgradeOrder	0x2C
AudioLevelPrefs	m_regionDebugName	0x10
AudioLevelPrefs	m_regionWaveBankStem	0x14
AudioLevelPrefs	m_musicCueName	0x18
AudioLevelPrefs	m_lipBundleStem	0x1C
AudioLevelPrefs	m_lipBundleGlobalIndex	0x20
AudioVolumeTag	m_environmentIndex	0x70
AudioVolumeTag	m_occluderIndex	0x74
AudioVolumeTag	m_linkedTo	0x78
Basic	m_background	0x0
Basic	m_text	0x4
Basic	m_perc	0x8
BoatPrefs	m_terminalVelocity	0x10
BoatPrefs	m_timeScale	0x14
BoatPrefs	m_perpTerminalVelocity	0x18
BoatPrefs	m_perpTimeScale	0x1C
BoatPrefs	m_hullHeight	0x24
BoatPrefs	m_waterBoatDensityRatio	0x28
BoatPrefs	m_inputTurnSensitivity	0x2C
BoatPrefs	m_inputMaxTurnSpeed	0x30
BoatPrefs	m_inputAccelSensitivity	0x34
BoatPrefs	m_inputMaxAccelRate	0x38
BoatPrefs	m_inputTerminalVelocityFP	0x3C
BoatPrefs	m_inputTurnSensitivityFP	0x40
BoatPrefs	m_inputMaxTurnSpeedFP	0x44
BoatPrefs	m_inputAccelSensitivityFP	0x48
BoatPrefs	m_inputMaxAccelRateFP	0x4C
BoatPrefs	m_dragTurningEfficiency	0x50
BoatPrefs	m_depthBumper	0x54
BoatPrefs	m_buoyancyLongPontoonOffset	0x58
BoatPrefs	m_buoyancyLatPontoonOffset	0x5C
BoatPrefs	m_buoyancyPontoonLiftDragConstant	0x60
BoatPrefs	m_buoyancyPontoonSinkDragConstant	0x64
BoatPrefs	m_dragSensorZOffset	0x68
BoatPrefs	m_dragSensorLongOffset	0x6C
BoatPrefs	m_foreSphereRadius	0x70
BoatPrefs	m_midSphereRadius	0x74
BoatPrefs	m_aftSphereRadius	0x78
BoatPrefs	m_foreSphereOffset	0x7C
BoatPrefs	m_aftSphereOffset	0x80
BoatPrefs	m_sphereZOffset	0x84
BoatPrefs	m_blendToIdleTime	0x88
BoatPrefs	m_blendFromIdleTime	0x8C
BoatPrefs	m_increaseOarSpeedTime	0x90
BoatPrefs	m_decreaseOarSpeedTime	0x94
BoatPrefs	m_minStickCloseness	0x98
BoatPrefs	m_maxSyncMultiplier	0x9C
BoatPrefs	m_oarTipHeightOffset	0xA0
BoatPrefs	m_oarCreakInterval	0xA4
BoatPrefs	m_wakeSpawnMinRate	0xA8
BoatPrefs	m_wakeSpawnMinRateSpeed	0xAC
BoatPrefs	m_wakeSpawnMaxRate	0xB0
BoatPrefs	m_wakeSpawnMaxRateSpeed	0xB4
BoatPrefs	m_singleStickReverseZone	0xB8
BoatPrefs	m_numIKIterations	0xBC
BoatPrefs	m_driverOffset	0xC0
BoatPrefs	m_gunnerOffset	0xCC
BoatPrefs	m_defaultTurret	0xD8
BoatPrefs	m_velForDamageNone	0xDC
BoatPrefs	m_velForDamageMin	0xE0
BoatPrefs	m_velForDamageMax	0xE4
BoltSurfaceSndPrefs	m_duration	0x8
BoltSurfaceSndPrefs	m_fxImpactRicochetPrefBase	0x10
BoltSurfaceSndPrefs	m_geoName	0x10
BoltSurfaceSndPrefs	m_fireStraightAhead	0x14
BoltSurfaceSndPrefs	m_fxImpactStickPrefBase	0x14
BoltSurfaceSndPrefs	m_spinRate	0x14
BoltSurfaceSndPrefs	m_fireFirstRampShotStraight	0x15
BoltSurfaceSndPrefs	m_finalSpreadAngle	0x18
BoltSurfaceSndPrefs	m_fxImpactDamagePrefBase	0x18
BoltSurfaceSndPrefs	m_sndRicocheteBase	0x18
BoltSurfaceSndPrefs	m_spinDeadzone	0x18
BoltSurfaceSndPrefs	m_finalSpreadVerticalScale	0x1C
BoltSurfaceSndPrefs	m_sndImpactStickBase	0x1C
BoltSurfaceSndPrefs	m_spreadName	0x1C
BoltSurfaceSndPrefs	m_hitscanBlastAngle	0x20
BoltSurfaceSndPrefs	m_rotateSteppedShotDegrees	0x20
BoltSurfaceSndPrefs	m_xyOnly	0x24
BoltSurfaceSndPrefs	m_finalDistribution	0x24
BoltSurfaceSndPrefs	m_auxInterruptType	0x24
BoltSurfaceSndPrefs	m_orientToVelocityInFlight	0x25
BoltSurfaceSndPrefs	m_useHighArc	0x26
BoltSurfaceSndPrefs	m_shakeOffZOffset	0x28
BoltSurfaceSndPrefs	m_initalRadius	0x28
BoltSurfaceSndPrefs	m_trailColor	0x28
BoltSurfaceSndPrefs	m_pitchClamp	0x2C
BoltSurfaceSndPrefs	m_initialDistribution	0x2C
BoltSurfaceSndPrefs	m_trailDuration	0x2C
BoltSurfaceSndPrefs	m_maxLeadVel	0x30
BoltSurfaceSndPrefs	m_offsetRandMin	0x30
BoltSurfaceSndPrefs	m_trailThickness	0x30
BoltSurfaceSndPrefs	m_offsetRandMax	0x34
BoltSurfaceSndPrefs	m_trailFadeDuration	0x34
BoltSurfaceSndPrefs	m_spiralCenteredness	0x38
BoltSurfaceSndPrefs	m_hitscanBlastSquibCount	0x38
BoltSurfaceSndPrefs	m_spiralTightness	0x3C
BoltSurfaceSndPrefs	m_speedRandomness	0x40
BoltSurfaceSndPrefs	m_explosionDuration	0x5C
BoltSurfaceSndPrefs	m_explosionFriendAffectMultiplier	0x64
BoltSurfaceSndPrefs	m_fxSurfaceSetName	0x64
BoltSurfaceSndPrefs	m_knockEfficiency	0x68
BoltSurfaceSndPrefs	m_knockUsePleaseGetOut	0x6C
BoltSurfaceSndPrefs	m_fxFireStretchWindIfHitscan	0x6C
BoltSurfaceSndPrefs	m_knocksOutOfFirstPersonFromArea	0x6E
BoltSurfaceSndPrefs	m_areaOfEffect	0x70
BoltSurfaceSndPrefs	m_outOfRangeDoEffects	0x70
BoltSurfaceSndPrefs	m_runAwayRangeOffset	0x78
BoltSurfaceSndPrefs	m_fireRumbleIntensity	0x78
BoltSurfaceSndPrefs	m_areaHurtsShooter	0x7C
BoltSurfaceSndPrefs	m_fireRumbleDuration	0x7C
BoltSurfaceSndPrefs	m_rmbWhileHeld	0x80
BoltSurfaceSndPrefs	m_rmbWithShooterWhenFired	0x84
BoltSurfaceSndPrefs	m_rmbWithAmmoWhenFired	0x88
BoltSurfaceSndPrefs	m_useGenericDamage	0x8C
BoltSurfaceSndPrefs	m_rmbRicochete	0x8C
BoltSurfaceSndPrefs	m_forceHurtReaction	0x8D
BoltSurfaceSndPrefs	m_falloffToRange	0x8E
BoltSurfaceSndPrefs	m_rmbImpactStick	0x90
BoltSurfaceSndPrefs	m_rmbFade	0x94
BoltSurfaceSndPrefs	m_rmbPreFadeIntermittent	0x98
BoltSurfaceSndPrefs	m_rmbPreFadeFinish	0x9C
BoltSurfaceSndPrefs	m_preFadeTime	0xA0
BoltSurfaceSndPrefs	m_sndWhileHeld	0xA8
BoltSurfaceSndPrefs	m_sndWhileHeldOver	0xAC
BoltSurfaceSndPrefs	m_sndWhenFired	0xB0
BoltSurfaceSndPrefs	m_sndWhenFiredAux	0xB4
BoltSurfaceSndPrefs	m_sndClipReload	0xB8
BoltSurfaceSndPrefs	m_sndInAir	0xBC
BoltSurfaceSndPrefs	m_magnetismOption	0xC0
BoltSurfaceSndPrefs	m_sndWhileStuck	0xC0
BoltSurfaceSndPrefs	m_sndRicocheteAux	0xC4
BoltSurfaceSndPrefs	m_sndImpactStickAux	0xC8
BoltSurfaceSndPrefs	m_sndFade	0xCC
BoltSurfaceSndPrefs	m_sndPreFadeIntermittent	0xD0
BoltSurfaceSndPrefs	m_sndPreFadeFinish	0xD4
BoltSurfaceSndPrefs	m_sndSpeechFire	0xD8
BoltSurfaceSndPrefs	m_sndSpeechRelease	0xDC
BoltSurfaceSndPrefs	m_bounceOption	0xE0
BoltSurfaceSndPrefs	m_sndSpeechReload	0xE0
BoltSurfaceSndPrefs	m_continueIfBreakDestructable	0xEC
BoltSurfaceSndPrefs	m_canSetOffExplosives	0xED
BoltSurfaceSndPrefs	m_gibOnKill	0xF0
BoltSurfaceSndPrefs	m_gibOnMassiveDamage	0xF4
BoltSurfaceSndPrefs	m_stuckDrainInterval	0xF8
BoltSurfaceSndPrefs	m_stuckDrainDamage	0xFC
BoltSurfaceSndPrefs	m_stuckDrainStamina	0x100
BoltSurfaceSndPrefs	m_explosionSpeed	0x110
BoltSurfaceSndPrefs	m_attachedDamager	0x120
BoltSurfaceSndPrefs	m_sndSurfaceSetName	0x124
BoltSurfaceSndPrefs	m_fxFirePref	0x12C
BoltSurfaceSndPrefs	m_fxFireAttachPref	0x130
BoltSurfaceSndPrefs	m_fxStuckPref	0x134
BoltSurfaceSndPrefs	m_fxFadePref	0x138
BoltSurfaceSndPrefs	m_fxFlightPref	0x13C
BoltSurfaceSndPrefs	m_maxKnockSpeed	0x140
BoltSurfaceSndPrefs	m_fxWeapReloadPref	0x140
BoltSurfaceSndPrefs	m_maxKnockSpeedPlayer	0x144
BoltSurfaceSndPrefs	m_fxWeapChargeUpPref	0x144
BoltSurfaceSndPrefs	m_arcAngle	0x148
BoltSurfaceSndPrefs	m_fxWeapChargedPref	0x148
BoltSurfaceSndPrefs	m_arcDist	0x14C
BoltSurfaceSndPrefs	m_fxUntilPreFadeIntermittentPref	0x14C
BoltSurfaceSndPrefs	m_arcTime	0x150
BoltSurfaceSndPrefs	m_fxPreFadeFinishPref	0x150
BoltSurfaceSndPrefs	m_arcAngle2	0x154
BoltSurfaceSndPrefs	m_flightAnim	0x154
BoltSurfaceSndPrefs	m_arcDist2	0x158
BoltSurfaceSndPrefs	m_arcTime2	0x15C
BoltSurfaceSndPrefs	m_useArcTweaks	0x160
BoltSurfaceSndPrefs	m_impactAnim	0x160
BoltSurfaceSndPrefs	m_gravity	0x164
BoltSurfaceSndPrefs	m_speed	0x168
BoltSurfaceSndPrefs	m_gravity2	0x16C
BoltSurfaceSndPrefs	m_workAnim	0x16C
BoltSurfaceSndPrefs	m_speed2	0x170
BoltSurfaceSndPrefs	m_effectPref	0x174
BoltSurfaceSndPrefs	m_fadeAnim	0x178
BoltSurfaceSndPrefs	m_description	0x178
BoltSurfaceSndPrefs	m_descriptionLine2	0x17C
BoltSurfaceSndPrefs	m_artifactPrefs	0x180
BoltSurfaceSndPrefs	m_quickLoadoutSlot	0x18C
BoltSurfaceSndPrefs	m_upgradeLevel	0x190
BoltSurfaceSndPrefs	m_shouldPreserveAmmoCount	0x194
BoltSurfaceSndPrefs	m_fireType	0x19C
BoltSurfaceSndPrefs	m_fireRateNormal	0x1A0
BoltSurfaceSndPrefs	m_reloadTimeNormal	0x1A4
BoltSurfaceSndPrefs	m_fireRateMax	0x1A8
BoltSurfaceSndPrefs	m_fireRateRampUpCount	0x1AC
BoltSurfaceSndPrefs	m_fireRateRampDownTime	0x1B0
BoltSurfaceSndPrefs	m_chargeTime	0x1B4
BoltSurfaceSndPrefs	m_chargeBoolSnapover	0x1B8
BoltSurfaceSndPrefs	m_chargeIsAnalog	0x1BC
BoltSurfaceSndPrefs	m_breederBagRate	0x1C0
BoltSurfaceSndPrefs	m_raiseTime	0x1C4
BoltSurfaceSndPrefs	m_lowerTime	0x1C8
BoltSurfaceSndPrefs	m_useArmAnimations	0x1CC
BoltSurfaceSndPrefs	m_kick	0x1D0
BoltSurfaceSndPrefs	m_kickSeparateUp	0x1D4
BoltSurfaceSndPrefs	m_kickRampDelay	0x1D8
BoltSurfaceSndPrefs	m_kickRampUpTime	0x1DC
BoltSurfaceSndPrefs	m_kickRampDownTime	0x1E0
BoltSurfaceSndPrefs	m_kickRamped	0x1E4
BoltSurfaceSndPrefs	m_kickRampedSeparateUp	0x1E8
BoltSurfaceSndPrefs	m_kickRampPower	0x1EC
BoltSurfaceSndPrefs	m_kickTimeScale	0x1F0
BoltSurfaceSndPrefs	m_kickTimeScaleRamped	0x1F4
BoltSurfaceSndPrefs	m_kickScreenVertPeak	0x1F8
BoltSurfaceSndPrefs	m_kickScreenVertPeakRamped	0x1FC
BoltSurfaceSndPrefs	m_kickScreenHorizPeak	0x200
BoltSurfaceSndPrefs	m_kickScreenHorizPeakRamped	0x204
BoltSurfaceSndPrefs	m_kickScreenVertHold	0x208
BoltSurfaceSndPrefs	m_kickScreenVertHoldRamped	0x20C
BoltSurfaceSndPrefs	m_kickScreenHorizHold	0x210
BoltSurfaceSndPrefs	m_kickScreenHorizHoldRamped	0x214
BoltSurfaceSndPrefs	m_kickScreenRandomRotRange	0x218
BoltSurfaceSndPrefs	m_kickScreenRandomRotRangeRamped	0x21C
BoltSurfaceSndPrefs	m_kickScreenRandomRotBleed	0x220
BoltSurfaceSndPrefs	m_kickScreenRandomRotBleedRamped	0x224
BoltSurfaceSndPrefs	m_kickLeftRumblePeakRamped	0x228
BoltSurfaceSndPrefs	m_kickLeftRumblePeak	0x22C
BoltSurfaceSndPrefs	m_kickRightRumblePeakRamped	0x230
BoltSurfaceSndPrefs	m_kickRightRumblePeak	0x234
BoltSurfaceSndPrefs	m_initialLoadout	0x238
BoltSurfaceSndPrefs	m_reticlePixelRadius	0x23C
BoltSurfaceSndPrefs	m_prefsCharged	0x2A4
BoltSurfaceSndPrefs	m_activateDuration	0x2AC
BoltSurfaceSndPrefs	m_callRadius	0x2AC
BoltSurfaceSndPrefs	m_attackCritter	0x2AC
BoltSurfaceSndPrefs	m_viewRadius	0x2B0
BoltSurfaceSndPrefs	m_attackDistance	0x2B0
BoltSurfaceSndPrefs	m_maxAffected	0x2B4
BoltSurfaceSndPrefs	m_agitDistance	0x2B4
BoltSurfaceSndPrefs	m_sendToDistanceBias	0x2B8
BoltSurfaceSndPrefs	m_damagePerSecond	0x2B8
BoltSurfaceSndPrefs	m_sendToDistanceHold	0x2BC
BoltSurfaceSndPrefs	m_relaunchBoltPref	0x2BC
BoltSurfaceSndPrefs	m_flopMultiplier	0x2C0
BoltSurfaceSndPrefs	m_sndAttackSolo	0x2D4
BoltSurfaceSndPrefs	m_sndAttackMany	0x2D8
BoltSurfaceSndPrefs	m_sndOof	0x2DC
BoltSurfaceSndPrefs	m_sndManyResponseBase	0x2E0
BountyAssignmentPrefs	m_bountyDescription	0x10
BountyAssignmentPrefs	m_targetObjectName	0x14
BountyAssignmentPrefs	m_targetObjectNameStringID	0x20
BountyPostPrefs	m_rewardFactor	0x10
BountyPostPrefs	m_uiSWF	0x14
CameraContext	m_allowInput	0x0
CameraContext	m_pitch	0x4
CameraContext	m_yaw	0x8
CameraContext	m_pitchVel	0xC
CameraContext	m_yawVel	0x10
CameraVolumeTag	m_cameraName	0x70
CameraVolumeTag	m_transIn	0x74
CameraVolumeTag	m_transInEase	0x78
CameraVolumeTag	m_transOutDefault	0x7C
CameraVolumeTag	m_transOutDefaultEase	0x80
CameraVolumeTag	m_allowPOVCam	0x84
CameraVolumeTag	m_inPipe	0x85
CameraVolumeTag	m_inBoat	0x86
CameraVolumeTag	m_inOthers	0x87
CardEffectInst	m_initialOuterRadius	0x58
CardEffectInst	m_initialInnerRadius	0x5C
CardEffectInst	m_finalOuterRadius	0x60
CardEffectInst	m_finalInnerRadius	0x64
CardEffectInst	m_textureName	0x70
CardEffectInst	m_yDirection	0x78
CardEffectInst	m_xDirection	0x84
CinematicCameraTag	m_fov	0x60
CinematicCameraTag	m_followObject	0x64
CinematicCameraTag	m_animationToken	0x68
CinematicCameraTag	m_timeStart	0x6C
CinematicCameraTag	m_timeEnd	0x70
CollectablePrefs	m_exhaustRecoverTime	0x8
CollectablePrefs	m_damageType	0xC
CollectablePrefs	m_gibsActor	0x10
CollectablePrefs	m_response	0x14
CollectablePrefs	m_attachInitialCount	0x18
CollectablePrefs	m_countMin	0x1C
CollectablePrefs	m_attachEffect	0x1C
CollectablePrefs	m_countMax	0x20
CollectablePrefs	m_attachDamage	0x20
CollectablePrefs	m_respawnDelay	0x24
CollectablePrefs	m_attachDuration	0x24
CollectablePrefs	m_artifactPrefsID	0x28
CollectablePrefs	m_attachDurationRandomness	0x28
CollectablePrefs	m_typeID	0x2C
CollectablePrefs	m_attachInterval	0x2C
CollectablePrefs	m_attachIntervalRandomness	0x30
CollectablePrefs	m_attachKnockSpeed	0x34
CollectablePrefs	m_attachKnockTracksFacing	0x38
CollectablePrefs	m_playHurtInterval	0x3C
CollectablePrefs	m_playHurtRandomness	0x40
CollectablePrefs	m_runSpeedMultiplier	0x44
CollectablePrefs	m_responsesUseUpperBody	0x48
CollectablePrefs	m_runDistOverride	0x4C
CollectableSpawner	m_items	0x10
CollectableSpawner	m_facing	0x60
CollectableSpawner	m_fieldInRadians	0x68
CollectableSpawner	m_radius	0x6C
CollectableSpawner	m_guardRadius	0x70
CollectableSpawner	m_priority	0x78
CollectableSpawner	m_filter	0x7C
CollectableSpawner	m_startActive	0x80
CollectableSpawner	m_maxOccupants	0x84
CollectableSpawner	m_filterNormal	0x88
CollectableSpawner	m_filterAgit	0x89
CollectableSpawner	m_filterCombat	0x8A
CollectableSpawner	m_filterPanic	0x8B
CoverDuration	m_6thSenseDistance	0x0
CoverDuration	m_seeDistance	0x4
CoverDuration	m_sightNormal	0x4
CoverDuration	m_seeAbove	0x8
CoverDuration	m_seeBelow	0xC
CoverDuration	m_horizontalAngleDeg	0x10
CoverDuration	m_verticalAngleDeg	0x14
CoverDuration	m_instantSightDistance	0x18
CoverDuration	m_hideVolSeeDistance	0x1C
CoverDuration	m_sightAgit	0xA8
CoverDuration	m_sightCombat	0x14C
CoverDuration	m_sightPanic	0x1F0
CoverDuration	m_allowPanic	0x294
CoverDuration	m_minWaitForConversation	0x298
CoverDuration	m_maxWaitForConversation	0x29C
CoverDuration	m_relaxAgitatedToNormal	0x2A0
CoverDuration	m_attackParams	0x2A8
CritterCuePrefs	m_takeDamageCue	0x14
CritterCuePrefs	m_congratulatoryCue	0x18
CritterCuePrefs	m_selectedFromHUDCue	0x1C
CritterCuePrefs	m_reloadedCue	0x20
CritterCuePrefs	m_idleColorCue	0x24
CritterCuePrefs	m_knockCue	0x28
CritterCuePrefs	m_playerJumpCue	0x2C
CritterCuePrefs	m_playerLandCue	0x30
CritterPathPrefs	m_count	0x10
CritterPathPrefs	m_spawnCapacity	0x14
CritterPathPrefs	m_playerFleeDistance	0x18
CritterPathPrefs	m_npcFleeDistance	0x1C
CritterPathPrefs	m_travelSpeed	0x20
CritterPathPrefs	m_fleeSpeed	0x24
CritterPathPrefs	m_spawnFrequency	0x28
CritterPathPrefs	m_spawnRandomness	0x2C
CritterPathPrefs	m_stopFrequency	0x30
CritterPathPrefs	m_stopRandomness	0x34
CritterPathPrefs	m_spawnEnabled	0x38
CritterPathTag	m_controls	0x60
CritterPathTag	m_prefPath	0x6C
CritterPathTag	m_spawnPrefOverride	0x70
CritterPathTag	m_playerRangeOverride	0x84
CritterPathTag	m_npcRangeOverride	0x88
CritterPrefs	m_damage	0x4
CritterPrefs	m_damageScaleLowSpeed	0x8
CritterPrefs	m_damageDestructable	0xC
CritterPrefs	m_geoScale	0x14
CritterPrefs	m_exhaustedRecoverTime	0x14
CritterPrefs	m_knockbackVel	0x18
CritterPrefs	m_range	0x1C
CritterPrefs	m_sndStart	0x20
CritterPrefs	m_sndStartSpeech	0x24
CritterPrefs	m_fxStart	0x28
CritterPrefs	m_fxStartAir	0x2C
CritterPrefs	m_rmbStart	0x30
CritterPrefs	m_sndImpact	0x34
CritterPrefs	m_rmbImpact	0x38
CritterPrefs	m_sndImpactNonHealth	0x3C
CritterPrefs	m_sndImpactNonHealthSpeech	0x40
CritterPrefs	m_fxImpactNonHealth	0x44
CritterPrefs	m_rmbImpactNonHealth	0x48
CritterPrefs	m_fxImpactBase	0x4C
CritterPrefs	m_useSuperDamageCue	0x64
CritterPrefs	m_type	0x98
CritterPrefs	m_boltPref	0x9C
CritterPrefs	m_critterTypeINTERNAL	0xA8
CritterPrefs	m_motionSphereHeight	0xBC
CritterPrefs	m_motionSphereRadius	0xC0
CritterPrefs	m_spawnFrequencyRare	0xC4
CritterPrefs	m_spawnFrequencyNormal	0xC8
CritterPrefs	m_spawnFrequencyFrequent	0xCC
CritterPrefs	m_spawnRandomnessNormal	0xD0
CritterPrefs	m_spawnRandomnessHigh	0xD4
CritterPrefs	m_stopFrequencyRare	0xD8
CritterPrefs	m_stopFrequencyNormal	0xDC
CritterPrefs	m_stopFrequencyFrequent	0xE0
CritterPrefs	m_stopRandomnessNormal	0xE4
CritterPrefs	m_stopRandomnessHigh	0xE8
CritterPrefs	m_animationConfigFile	0xEC
CritterPrefs	m_pathWalkAnim	0xF0
CritterPrefs	m_pathDieAnim	0xF4
CritterPrefs	m_onCrossbowIdleIntervalMin	0xF8
CritterPrefs	m_onCrossbowIdleIntervalMax	0xFC
CritterPrefs	m_onCrossbowTakeDamageIntervalMin	0x100
CritterPrefs	m_onCrossbowTakeDamageIntervalMax	0x104
CritterPrefs	m_poolIndexINTERNAL	0x108
CritterPrefs	m_effectID	0x11C
CritterPrefs	m_spawnEffectID	0x120
CritterPrefs	m_soundID	0x124
DamagePrefs	m_damageCue	0x10
DamagePrefs	m_damageSpeech	0x14
DamagePrefs	m_animations	0x14
DamagePrefs	m_deathSpeech	0x18
DamagePrefs	m_forceOverridePerVolumeSettings	0x20
DamagePrefs	m_affectsDeadGuys	0x21
DamagePrefs	m_useNPCSettingForPlayer	0x22
DamagePrefs	m_onlyInVolume	0x23
DamagePrefs	m_knocksOffPipes	0x24
DamagePrefs	m_player	0x28
DamagePrefs	m_npc	0x78
DamagePrefs	m_sndResponseBase	0xC8
DamageVolumeTag	m_damageRatePlayer	0x70
DamageVolumeTag	m_damageRateNPC	0x74
DamageVolumeTag	m_prefs	0x78
DamageVolumeTag	m_startsActive	0x7C
DecoratorIlluminationTag	m_tagName	0x8
DecoratorIlluminationTag	m_pathToken	0xC
DecoratorIlluminationTag	m_vertexColorStreamName	0x10
DecoratorIlluminationTag	m_illuminationList	0x14
DecoratorPrefs	m_alphaBlend	0x14
DecoratorPrefs	m_alphaRef	0x18
DecoratorPrefs	m_fadeOutInDistance	0x1C
DecoratorPrefs	m_fadeDistance	0x20
DecoratorPrefs	m_forceFullRotation	0x2C
DecoratorTag	m_prefsName	0x8
DecoratorTag	m_decoratorResourceToken	0xC
DefaultArmor	m_geo	0x4
DefaultArmor	m_motion	0x8
DestructablePrefs	m_maxHealth	0x10
DestructablePrefs	m_killOnAnyDamage	0x14
DestructablePrefs	m_killOnPlayerContact	0x15
DestructablePrefs	m_killOnNPCContact	0x16
DestructablePrefs	m_acceptDamageFromStranger	0x17
DestructablePrefs	m_effectPrefsID	0x18
DestructablePrefs	m_effectDamagePrefsID	0x1C
DestructablePrefs	m_spawnCollectablesPrefsID	0x20
DestructablePrefs	m_rumbleStateChange	0x24
DestructablePrefs	m_rumbleStateChangeDuration	0x28
DestructablePrefs	m_rumbleDestruct	0x2C
DestructablePrefs	m_rumbleDestructDuration	0x30
DestructablePrefs	m_cueDestruct	0x34
DestructablePrefs	m_cueDamage	0x38
DestructablePrefs	m_ambientCue	0x3C
DestructablePrefs	m_deathBlowAlignEffectsToVelocity	0x40
DestructablePrefs	m_centerZOffset	0x4C
DestructablePrefs	m_mass	0x50
DestructablePrefs	m_particleVelocityMin	0x54
DestructablePrefs	m_particleVelocityMax	0x58
DestructablePrefs	m_damageByRam	0x5C
DestructablePrefs	m_damageByBeat	0x5D
DestructablePrefs	m_damageByShoot	0x5E
DestructablePrefs	m_damageByExplosion	0x5F
DestructablePrefs	m_damageByNPCShoot	0x60
DestructablePrefs	m_damageByNPCExplosion	0x61
DestructablePrefs	m_damageByNPCBeat	0x62
DestructablePrefs	m_updateNavOnChange	0x63
DestructablePrefs	m_animation	0x64
DestructablePrefs	m_animPauseLo	0x68
DestructablePrefs	m_animPauseHi	0x6C
DestructablePrefs	m_animNumLoopsLo	0x70
DestructablePrefs	m_animNumLoopsHi	0x74
DestructablePrefs	m_animSpeedLo	0x78
DestructablePrefs	m_animSpeedHi	0x7C
DestructablePrefs	m_onDestroyResetIntoPurgatory	0x80
DestructablePrefs	m_aimRadius	0x84
DiskEffectInst	m_radiusAccel	0x58
DiskEffectInst	m_initRadiusVel	0x5C
DiskEffectInst	m_initRadius	0x60
DiskEffectInst	m_initHeightVel	0x64
DiskEffectInst	m_heightAccel	0x68
DiskEffectInst	m_initHeight	0x6C
DiskEffectInst	m_initAlpha	0x70
DiskEffectInst	m_finalAlpha	0x74
DiskEffectInst	m_bumpTextureName	0x78
DreadlockSet	m_effectLifetime	0x10
DreadlockSet	m_angularVelocity	0x18
DreadlockSet	m_rotationAxis	0x1C
DreadlockSet	m_centerOfRotation	0x28
DreadlockSet	m_debugLoop	0x34
DreadlockSet	m_startFadeRadius	0x38
DreadlockSet	m_endFadeRadius	0x3C
DreadlockSet	m_glareStartFadeRadius	0x40
DreadlockSet	m_glareEndFadeRadius	0x44
DreadlockSet	m_worldOriented	0x48
DreadlockSet	m_waterSurface	0x49
DreadlockSet	m_visibilityRadius	0x50
DreadlockSet	m_renderLate	0x54
DummyTrackGroup	m_started	0x0
DummyTrackGroup	m_zNear	0x0
DummyTrackGroup	m_x	0x0
DummyTrackGroup	m_axes	0x0
DummyTrackGroup	m_min	0x0
DummyTrackGroup	m_pieces	0x0
DummyTrackGroup	m_zFar	0x4
DummyTrackGroup	m_fovRad	0x8
DummyTrackGroup	m_dir	0xC
DummyTrackGroup	m_viewToWorld	0xC
DummyTrackGroup	m_y	0xC
DummyTrackGroup	m_max	0xC
DummyTrackGroup	m_bbox	0xC
DummyTrackGroup	m_z	0x18
DummyTrackGroup	m_center	0x24
DummyTrackGroup	m_radii	0x30
DummyTrackGroup	m_worldToView	0x3C
DummyTrackGroup	m_tanHalfFov	0x6C
EffectLocation	m_spawnAtStartup	0x60
EffectLocation	m_preferenceFile	0x64
EffectMix	m_effectName	0xC
EffectMix	m_timeOffset	0x14
EffectMix	m_effects	0x58
EffectParticleSystem	m_amplitude1	0x58
EffectParticleSystem	m_amplitude2	0x5C
EffectParticleSystem	m_amplitude3	0x60
EffectParticleSystem	m_frequency1	0x64
EffectParticleSystem	m_frequency2	0x68
EffectParticleSystem	m_frequency3	0x6C
EffectParticleSystem	m_innerRadius	0x70
EffectParticleSystem	m_outerRadius	0x74
EffectParticleSystem	m_noCollideRadiusMin	0x78
EffectParticleSystem	m_noCollideRadiusMax	0x7C
EffectParticleSystem	m_curvature	0x80
EffectParticleSystem	m_tendrilDuration	0x88
EffectParticleSystem	m_tendrilAlphaThickness	0x8C
EffectParticleSystem	m_tendrilAdditiveThickness	0x90
EffectParticleSystem	m_tendrilGlareThickness	0x94
EffectParticleSystem	m_tendrilDistortionThickness	0x98
EffectParticleSystem	m_minRayCastAngle	0x9C
EffectParticleSystem	m_maxRayCastAngle	0xA0
EffectParticleSystem	m_textureScale	0xA4
EffectParticleSystem	m_tesselateCount	0xA8
EffectParticleSystem	m_additivePass	0xAC
EffectParticleSystem	m_alphaPass	0xAD
EffectParticleSystem	m_distortionPass	0xAE
EffectParticleSystem	m_glarePass	0xAF
EffectParticleSystem	m_grabBonesFromObject	0xB0
EffectParticleSystem	m_ignoreTargetBones	0xB1
EffectParticleSystem	m_alphaTextureName	0xB4
EffectParticleSystem	m_additiveTextureName	0xC4
EffectParticleSystem	m_groundEffectName	0xD4
EffectParticleSystem	m_airEffectName	0xDC
ExplosionPrefs	m_damageAtAreaEdgeMultiplier	0x18
ExplosionPrefs	m_damagePlayer	0x20
ExplosionPrefs	m_staminaPlayer	0x24
ExplosionPrefs	m_knockSpeed	0x2C
ExplosionPrefs	m_knockSpeedPlayer	0x30
ExplosionPrefs	m_knockKnocksDown	0x34
ExplosionPrefs	m_explodeDuration	0x38
ExplosionPrefs	m_effect	0x3C
ExplosionPrefs	m_rumble	0x40
ExplosionPrefs	m_rumbleDuration	0x44
ExplosionPrefs	m_cueExplode	0x48
ExplosionPrefs	m_eventRangeXY	0x4C
ExplosionPrefs	m_eventRangeTop	0x50
ExplosionPrefs	m_eventRangeBottom	0x54
ExplosionPrefs	m_knockFollowcamUsesFootZ	0x58
ExplosionPrefs	m_collide	0x59
ExplosivePrefs	m_boltEjectSpeed	0x64
ExplosivePrefs	m_destroyByPlayerShoot	0x68
ExplosivePrefs	m_destroyByNPCShoot	0x69
ExplosivePrefs	m_destroyByNPCExplosion	0x6A
ExplosivePrefs	m_aimCenterZOffset	0x6C
FixedCameraGenerator	m_fieldChart	0x68
FixedCameraGenerator	m_allowLook	0x70
FlowMarkerPrefs	m_targetMarkerCount	0x10
FlowMarkerPrefs	m_minDebrisSize	0x14
FlowMarkerPrefs	m_maxDebrisSize	0x18
FlowMarkerPrefs	m_minDistortionSize	0x1C
FlowMarkerPrefs	m_maxDistortionSize	0x20
FlowMarkerPrefs	m_debrisMarkersCount	0x24
FlowMarkerPrefs	m_distortionMarkersCount	0x28
FlowMarkerPrefs	m_distortionOpaqueSpeed	0x2C
FlowMarkerPrefs	m_startDistortionFade	0x30
FlowMarkerPrefs	m_endDistortionFade	0x34
FlowMarkerPrefs	m_currentCullDist	0x38
FlowMarkerPrefs	m_particleLifetime	0x3C
FlowMarkerPrefs	m_maxRotationalVelocity	0x40
FlowMarkerPrefs	m_maxVelocityForMaxSpin	0x44
FlowMarkerPrefs	m_flowMarkerTextureName	0x4C
FlowMarkerPrefs	m_initialAngle	0x74
FlowMarkerPrefs	m_angularVel	0x78
FlowMarkerPrefs	m_angularAccel	0x7C
FlowMarkerPrefs	m_startAlpha	0x80
FlowMarkerPrefs	m_midAlpha	0x84
FlowMarkerPrefs	m_axis	0x98
FlowMarkerPrefs	m_renderType	0xA4
ForceFieldInst	m_onOffFadeDuration	0x10
ForceFieldInst	m_doOnOffFlicker	0x14
ForceFieldInst	m_flickerSineFrequencyScale0	0x18
ForceFieldInst	m_flickerSineOffset0	0x1C
ForceFieldInst	m_flickerSineFrequencyScale1	0x20
ForceFieldInst	m_flickerSineOffset1	0x24
ForceFieldInst	m_flickerSineFrequencyScale2	0x28
ForceFieldInst	m_flickerSineOffset2	0x2C
ForceFieldInst	m_flickerThreshold	0x30
ForceFieldInst	m_forceFieldStartFade	0x34
ForceFieldInst	m_forceFieldEndFade	0x38
ForceFieldInst	m_forceFieldDistortionFresnelScale	0x3C
ForceFieldInst	m_forceFieldScrollVelocities	0x40
ForceFieldInst	m_numImpactRipplesMax	0x4C
ForceFieldInst	m_impactRippleAgeMax	0x50
ForceFieldInst	m_impactRippleSizeScale	0x54
ForceFieldInst	m_forceFieldGlowColor	0x58
ForceFieldInstPrefs	m_mat	0x0
ForceFieldInstPrefs	m_knots	0x4
ForceFieldInstPrefs	m_t	0x24
ForceFieldPrefs	m_forceFieldGeo	0x10
ForceFieldPrefs	m_boneToAttachTo	0x14
ForceFieldPrefs	m_forceFieldInstPrefsName	0x18
ForceFieldPrefs	m_xform	0x20
GPrefs	m_defaultLevelFile	0x10
GPrefs	m_realLevelName	0x14
GPrefs	m_user	0x18
GPrefs	m_onStartLoadLastSavegame	0x1C
GPrefs	m_skipShellGUI	0x1D
GPrefs	m_doInventoryGUI	0x1E
GPrefs	m_doPauseGUI	0x1F
GPrefs	m_doSaveLoadForDeath	0x20
GPrefs	m_allowCinematicsToBeSkippedFirstTime	0x21
GPrefs	m_numPlayers	0x24
GPrefs	m_numViewPanes	0x28
GPrefs	m_waitForTweakBeforeInitPeriod	0x2C
GPrefs	m_makeNPCs	0x30
GPrefs	m_startCines	0x31
GPrefs	m_effectsEnabled	0x32
GPrefs	m_boltsEnabled	0x33
GPrefs	m_musicEnabled	0x34
GPrefs	m_audioEnabled	0x35
GPrefs	m_audioVerbose	0x38
GPrefs	m_audioLogFile	0x3C
GPrefs	m_audioMasterVolume	0x40
GPrefs	m_audioMusicVolume	0x44
GPrefs	m_globalVoiceOverVolume	0x48
GPrefs	m_audioHeadphonesEnabled	0x4C
GPrefs	m_saveJournal	0x4D
GPrefs	m_loadJournal	0x4E
GPrefs	m_tryToStopJournal	0x4F
GPrefs	m_journalFile	0x50
GPrefs	m_hudEnabled	0x54
GPrefs	m_bootToLevelList	0x55
GPrefs	m_keyboardNotJournalled	0x56
GPrefs	m_rumbleEnabled	0x57
GPrefs	m_widescreen	0x58
GPrefs	m_fileToEcho	0x5C
GPrefs	m_cheatInvincible	0x60
GPrefs	m_profilerMode	0x61
GPrefs	m_logContent	0x62
GPrefs	m_logAI	0x63
GPrefs	m_logEnabled	0x64
GPrefs	m_logNoFileIO	0x65
GPrefs	m_warningsAreErrors	0x66
GPrefs	m_loadDebugGeo	0x67
GPrefs	m_camFlipFPSPitch	0x68
GPrefs	m_camFlipFollowPitch	0x69
GPrefs	m_camFlipFollowYaw	0x6A
GPrefs	m_pipeAutoAttach	0x6B
GPrefs	m_autoAimStrength	0x6C
GPrefs	m_hudTextColor	0x70
GPrefs	m_hudTextShadowColor	0x74
GPrefs	m_initialHudCategory	0x78
GPrefs	m_weaponCycleScheme	0x7C
GPrefs	m_playLoadingAnimation	0x80
GPrefs	m_doAudioIOThread	0x81
GPrefs	m_SWFNominalGlyphPixelSize	0x84
GPrefs	m_lipSyncEnabled	0x8C
GPrefs	m_isDVDRun	0x8D
GPrefs	m_I3DL2Enabled	0x8E
GameTagBase	m_prefsID	0x0
GameTagBase	m_spawnCount	0x4
GameTagBase	m_spawnRadius	0x8
GameTagBase	m_dynamic	0xC
GameTagBase	m_tumble	0xD
GameTagBase	m_inheritSpawnersVelocity	0xE
GameTagBase	m_vSpeed	0x10
GameTagBase	m_vSpeedRandomness	0x14
GameTagBase	m_hSpeed	0x18
GameTagBase	m_hSpeedRandomness	0x1C
GameplayCameraGenerator	m_groupName	0x10
GameplayCameraGenerator	m_tagZone	0x14
GameplayCameraGenerator	m_tagTransform	0x18
GameplayCameraGenerator	m_illuminationColorDW	0x4C
GameplayCameraGenerator	m_snapToGround	0x50
GameplayCameraGenerator	m_isInProxyZone	0x51
GameplayCameraGenerator	m_startsInPurgatory	0x52
GameplayCameraGenerator	m_castLightmapShadows	0x53
GameplayCameraGenerator	m_scriptResource	0x54
GameplayCameraGenerator	m_scriptArgs	0x58
GameplayCameraGenerator	m_originalTagFile	0x5C
GameplayCameraGenerator	m_spline	0x64
GameplayCameraGenerator	m_minDist	0x90
GameplayCameraGenerator	m_maxDist	0x94
GameplayCameraGenerator	m_zeroFieldChart	0x98
GameplayCameraGenerator	m_maxFieldChart	0xA0
GameplayCameraGenerator	m_paramLineStart	0xAC
GameplayCameraGenerator	m_paramLineEnd	0xB8
GeoParticleSystem	m_useVelocityAxis	0x1AC
GeoParticleSystem	m_startFadePercent	0x1B0
GeometryInst	m_reflectionMappedStartFade	0x10
GeometryInst	m_reflectionMappedEndFade	0x14
GeometryInst	m_normalMappedStartFade	0x18
GeometryInst	m_normalMappedEndFade	0x1C
GeometryInst	m_detailMappedStartFade	0x20
GeometryInst	m_detailMappedEndFade	0x24
GeometryInst	m_phasedStartFade	0x28
GeometryInst	m_phasedEndFade	0x2C
GeometryInst	m_phasedGlowScale	0x30
GeometryInst	m_phasedScrollVelocityX	0x34
GeometryInst	m_phasedScrollVelocityY	0x38
GeometryInst	m_transparentZWriteAlphaRef	0x3C
GeometryInst	m_edgeBurnThickness	0x40
GeometryInst	m_edgeBurnColor	0x44
GeometryInst	m_useOldShadowTechnique	0x48
GeometryInst	m_baseShadowOffset	0x4C
GlobalMotionPrefs	m_minRamDamage	0x10
GlobalMotionPrefs	m_maxRamDamage	0x14
GlobalMotionPrefs	m_npcRamDamage	0x18
GlobalMotionPrefs	m_airControlLo	0x20
GlobalMotionPrefs	m_airControlHi	0x24
GlobalMotionPrefs	m_knockZRatioSource	0x28
GlobalMotionPrefs	m_knockRammedScale	0x2C
GlobalMotionPrefs	m_knockNotRammedScale	0x30
GlobalMotionPrefs	m_knockZRatioDest	0x34
GlobalMotionPrefs	m_knockZRatioBoost	0x38
GlobalMotionPrefs	m_ramDamageDeadzoneFraction	0x3C
GlobalMotionPrefs	m_ramElasticityMin	0x40
GlobalMotionPrefs	m_ramElasticityMax	0x44
GlobalMotionPrefs	m_ramMinVel	0x48
GlobalMotionPrefs	m_knockbackCollisionVelocity	0x4C
GlobalMotionPrefs	m_knockbackElasticity	0x50
GlobalMotionPrefs	m_strafeBackwardsFraction	0x54
GlobalMotionPrefs	m_strafeSidewaysFraction	0x58
GlobalMotionPrefs	m_strafeSpeedScaleAccel	0x5C
GlobalMotionPrefs	m_strafeSpeedScaleDecel	0x60
GlobalMotionPrefs	m_velocityForFallFar	0x64
GlobalMotionPrefs	m_gravityForFall	0x68
GlobalMotionPrefs	m_gravityForEnergy	0x6C
GlobalMotionPrefs	m_adjustVelocityVelDifferenceAt30fps	0x70
GlobalMotionPrefs	m_fallDamageBase	0x74
GlobalMotionPrefs	m_fallDamagePerMeter	0x78
GlobalMotionPrefs	m_fallStaminaBase	0x7C
GlobalMotionPrefs	m_fallStaminaPerMeter	0x80
GlobalMotionPrefs	m_timeToDrown	0x84
GlobalMotionPrefs	m_bouyancyTime	0x88
GlobalMotionPrefs	m_turnTo1stPersonDuration_Facing	0x8C
GlobalMotionPrefs	m_turnTo1stPersonDuration_Opposing	0x90
GlobalMotionPrefs	m_turnTo1stPersonDuration_Pause	0x94
GlobalMotionPrefs	m_anim_jumpLandInitialWeight	0x98
GlobalMotionPrefs	m_anim_idleToWalkBlendTime	0x9C
GlobalMotionPrefs	m_anim_walkInternalBlendTime	0xA0
GlobalMotionPrefs	m_endurance_RamToStop	0xA4
GlobalMotionPrefs	m_maxVelocityForBackwards	0xA8
GlobalMotionPrefs	m_velocityToBounceOffWall	0xAC
GlobalMotionPrefs	m_heightForSlam	0xB0
GlobalMotionPrefs	m_heightForNPCKnock	0xB4
GlobalMotionPrefs	m_fracWalkTrotTransition	0xB8
GlobalMotionPrefs	m_fracTrotCanterTransition	0xBC
GlobalMotionPrefs	m_fracCanterRunTransitionBeast	0xC0
GlobalMotionPrefs	m_fracCanterRunTransitionStranger	0xC4
GlobalMotionPrefs	m_walkDoTurnAround	0xC8
GlobalMotionPrefs	m_walkDoSkidToStop	0xC9
GlobalMotionPrefs	m_turnAroundCos	0xCC
GloktigiPrefs	m_damageWindowMaxGap	0x0
GloktigiPrefs	m_gloktigiDamageDurationBeforePhase	0x4
GloktigiPrefs	m_geoToAttach	0x4
GloktigiPrefs	m_gloktigiDamageAmountBeforePhase	0x8
GloktigiPrefs	m_gloktigiDamageAmountBleedTime	0xC
GloktigiPrefs	m_gloktigiDamageAmountBleedDelay	0x10
GloktigiPrefs	m_gloktigiPhaseGeo	0x10
GloktigiPrefs	m_gloktigiPhaseMinDist	0x14
GloktigiPrefs	m_otherGloktigiCheckDist	0x14
GloktigiPrefs	m_gloktigiPhaseMaxDist	0x18
GloktigiPrefs	m_meleeDisableTime	0x18
GloktigiPrefs	m_gloktigiPhaseSpeed	0x1C
GloktigiPrefs	m_gloktigiAlone	0x1C
GloktigiPrefs	m_gloktigiPhaseMinDistFromPlayer	0x20
GloktigiPrefs	m_gloktigiPhaseMinDistFromOtherGloktigi	0x24
GloktigiPrefs	m_gloktigiGroup	0x44
GloktigiPrefs	m_glokPhaseBeginSndPref	0x6C
GloktigiPrefs	m_glokPhaseBeginRmbPref	0x70
GloktigiPrefs	m_glokPhaseBeginFXPref	0x74
GloktigiPrefs	m_glokPhaseBeginFXUseAllFXBones	0x78
GloktigiPrefs	m_glokPhaseDuringSndPref	0x7C
GloktigiPrefs	m_glokPhaseDuringRmbPref	0x80
GloktigiPrefs	m_glokPhaseDuringFXPref	0x84
GloktigiPrefs	m_glokPhaseDuringFXUseAllFXBones	0x88
GloktigiPrefs	m_glokPhaseEndSndPref	0x8C
GloktigiPrefs	m_glokPhaseEndRmbPref	0x90
GloktigiPrefs	m_glokPhaseEndFXPref	0x94
GloktigiPrefs	m_glokPhaseEndFXUseAllFXBones	0x98
InstancedObjectTag	m_modelToken	0x60
InstancedObjectTag	m_lightmapID	0x64
InstancedObjectTag	m_lmInfo	0x68
JobTag	m_major	0x60
JobTag	m_minor	0x64
JobTag	m_checkEverySeconds	0x68
JobTag	m_relax	0x6C
JobTag	m_restrictToLeader	0x74
JobTag	m_restrictToSpecificGuy	0x78
JobTag	m_restrictToGuyType	0x7C
JobTag	m_restrictToBrainState	0x80
JobTag	m_dependOnGlobalVar	0x84
JobTag	m_globalVarValue	0x88
JobTag	m_closestNavPointZone	0x8C
JobTag	m_closestNavPointIndex	0x90
LaserBeam	m_laserChargingSource_FXPref	0x10
LaserBeam	m_laserChargingSource_FXUseRadialPositions	0x18
LaserBeam	m_laserChargingSource_FXRadiusScale	0x1C
LaserBeam	m_laserFiringSource_FXPref	0x20
LaserBeam	m_laserFiringSource_FXUseRadialPositions	0x28
LaserBeam	m_laserFiringSource_FXDegreesForwards	0x2C
LaserBeam	m_laserFiringSource_FXRadiusScale	0x30
LaserBeam	m_laserFiringTarget_FXPref	0x34
LaserBeam	m_laserFiringTarget_FXUseRadialPositions	0x3C
LaserBeam	m_laserFiringTarget_FXDegreesBackwards	0x40
LaserBeam	m_laserFiringTarget_FXRadiusScale	0x44
LaserBeam	m_laserFiringSource_GlareFXPref	0x48
LaserBeam	m_numRadialFXPositions	0x50
LaserBeam	m_innerBeamColor_StartFire	0x54
LaserBeam	m_innerBeamColor_MidFire	0x58
LaserBeam	m_innerBeamColor_EndFire	0x5C
LaserBeam	m_innerBeamTextureName	0x60
LaserBeam	m_innerBeamScrollSpeed	0x68
LaserBeam	m_innerBeamRadiusScale	0x6C
LaserBeam	m_innerBeamRotationRateDegrees	0x70
LaserBeam	m_innerBeamTextureScale	0x74
LaserBeam	m_innerBeamGlare	0x78
LaserBeam	m_innerBeamShrinkWithTime	0x79
LaserBeam	m_midBeamColor_StartFire	0x7C
LaserBeam	m_midBeamColor_MidFire	0x80
LaserBeam	m_midBeamColor_EndFire	0x84
LaserBeam	m_midBeamTextureName	0x88
LaserBeam	m_midBeamScrollSpeed	0x90
LaserBeam	m_midBeamRadiusScale	0x94
LaserBeam	m_midBeamRotationRateDegrees	0x98
LaserBeam	m_midBeamTextureScale	0x9C
LaserBeam	m_midBeamGlare	0xA0
LaserBeam	m_midBeamShrinkWithTime	0xA1
LaserBeam	m_outerBeamColor_StartFire	0xA4
LaserBeam	m_outerBeamColor_MidFire	0xA8
LaserBeam	m_outerBeamColor_EndFire	0xAC
LaserBeam	m_outerBeamTextureName	0xB0
LaserBeam	m_outerBeamScrollSpeed	0xB8
LaserBeam	m_outerBeamRadiusScale	0xBC
LaserBeam	m_outerBeamRotationRateDegrees	0xC0
LaserBeam	m_outerBeamTextureScale	0xC4
LaserBeam	m_outerBeamGlare	0xC8
LaserBeam	m_outerBeamShrinkWithTime	0xC9
LevelListPrefs	m_paths	0x10
LevelListPrefs	m_displayNames	0x1C
Level_HalfVectorCubemap	m_velocity	0x0
Level_HalfVectorCubemap	m_angle	0x8
LightmapperLMInfoTag	m_packedResource	0x0
LightmapperLMInfoTag	m_packingInfo	0x4
LightmapperLMInfoTag	m_infos	0x8
MechanicalPrefs	m_mechSubType	0x10
MechanicalPrefs	m_subTypePrefsID	0x14
MechanicalPrefs	m_stateCount	0x18
MechanicalPrefs	m_cyclical	0x1C
MechanicalPrefs	m_animsReversible	0x1D
MechanicalPrefs	m_animsInterruptable	0x1E
MechanicalPrefs	m_idlesArePoses	0x1F
MechanicalPrefs	m_animReverseTime	0x20
MechanicalPrefs	m_animBlendTime	0x24
MechanicalPrefs	m_registerModelDependency	0x2D
MechanicalPrefs	m_modelName	0x30
MechanicalPrefs	m_anims	0x34
MechanicalPrefs	m_activateForever	0x40
MechanicalPrefs	m_activateTogglesActive	0x41
MechanicalPrefs	m_exitIdleOnlyAtEnd	0x42
MechanicalPrefs	m_damageStartsOn	0x43
MechanicalPrefs	m_interactionResetTime	0x44
MechanicalPrefs	m_visibilityResetTime	0x48
MechanicalPrefs	m_turretHealth	0x54
MechanicalPrefs	m_turretCenterOffset	0x58
MechanicalPrefs	m_turretRadius	0x5C
MechanicalPrefs	m_turretMaxHoldOnTarget	0x60
MechanicalPrefs	m_turretMinSwitchTime	0x64
MechanicalPrefs	m_turretMaxSwitchTime	0x68
MechanicalPrefs	m_turretRotationLimitDegrees	0x6C
MechanicalPrefs	m_turretRotationSpeedDegrees	0x70
MechanicalPrefs	m_turretDeleteOnDeath	0x74
MechanicalPrefs	m_fxOnDamage	0x78
MechanicalPrefs	m_fxOnDeath	0x7C
MechanicalPrefs	m_sndOnDeath	0x80
MechanicalPrefs	m_fxWhileDamaged1	0x84
MechanicalPrefs	m_fxWhileDamaged2	0x88
MechanicalPrefs	m_sndIdle	0x9C
MechanicalPrefs	m_idleDuringTransitions	0xA4
MechanicalPrefs	m_sndTurretMove	0xA8
MechanicalPrefs	m_fireRateDeviation	0xB8
MotionImplDummy	m_bipedTurnSpeedDegrees	0xC
MotionImplDummy	m_bipedTurnSpeedDegrees_Panic	0x10
MotionImplDummy	m_jumpHeightMin	0x14
MotionImplDummy	m_jumpHeightMax	0x18
MotionImplDummy	m_jumpHeightSpeedScale	0x1C
MotionImplDummy	m_maxRadiansToRotateHiSpeed	0x20
MotionImplDummy	m_maxRadiansToRotateBasic	0x24
MotionImplDummy	m_maxRadiansToRotateLoSpeed	0x28
MotionImplDummy	m_waterOffset	0x30
MotionImplDummy	m_waterVelocityScale	0x34
MotionImplDummy	m_timeTillIdle1	0x38
MotionImplDummy	m_timeTillIdle2	0x3C
MotionImplDummy	m_skidToStopTrotCanterLerper	0x40
MotionImplDummy	m_skidToStopCanterRunLerper	0x44
MotionImplDummy	m_gameSpeakTalkRestInterval	0x48
MotionImplDummy	m_accelLo_Walk	0x50
MotionImplDummy	m_accelHi_Walk	0x54
MotionImplDummy	m_accelLo_Trot	0x58
MotionImplDummy	m_accelHi_Trot	0x5C
MotionImplDummy	m_accelLo_Canter	0x60
MotionImplDummy	m_accelHi_Canter	0x64
MotionImplDummy	m_accelLo_Run	0x68
MotionImplDummy	m_accelHi_Run	0x6C
MotionImplDummy	m_steefVelDriveSpeedUp	0x70
MotionImplDummy	m_steefVelDriveSpeedDown	0x74
MotionImplDummy	m_overVel_Walk	0x78
MotionImplDummy	m_overVel_Trot	0x7C
MotionImplDummy	m_overVel_Canter	0x80
MotionImplDummy	m_overVel_Run	0x84
MotionImplDummy	m_canBePushed	0x88
MotionImplDummy	m_canBeKnocked	0x89
MotionImplDummy	m_onlyStands	0x8A
MovieListPrefs	m_movieFileNames	0x10
MovieListPrefs	m_radarFadeInDuration	0x20
MovieListPrefs	m_radarFadeOutDuration	0x24
MovieListPrefs	m_radarX	0x28
MovieListPrefs	m_radarY	0x2C
MovieListPrefs	m_radarSize	0x30
MovieListPrefs	m_overlaySize	0x34
MovieListPrefs	m_radarRadius	0x3C
MovieListPrefs	m_radarZoneTraversalLimit	0x40
MovieListPrefs	m_sightConeFadeFactor	0x44
MovieListPrefs	m_hiddenTextPos	0x48
MovieListPrefs	m_radarColor	0x64
MovieListPrefs	m_turretColor	0x68
MovieListPrefs	m_playerSightConeColor	0x6C
MovieListPrefs	m_deadGuyColor	0x70
MovieListPrefs	m_inHideZoneRadarColor	0x74
MovieListPrefs	m_combatBlipColor	0x78
MovieListPrefs	m_combatConeColor	0x7C
MovieListPrefs	m_normalBlipColor	0x80
MovieListPrefs	m_normalConeColor	0x84
MovieListPrefs	m_playerPointColor	0x88
MovieListPrefs	m_ringAroundTheRadarColor	0x8C
MovieListPrefs	m_hideTextColor	0x90
MovieListPrefs	m_hideIconX	0x94
MovieListPrefs	m_hideIconY	0x98
MovieListPrefs	m_hideIconWidth	0x9C
MovieListPrefs	m_hideIconHeight	0xA0
MovieListPrefs	m_hideIconColor	0xA4
MovieListPrefs	m_hideIconName	0xA8
MovieListPrefs	m_spottedIconX	0xAC
MovieListPrefs	m_spottedIconY	0xB0
MovieListPrefs	m_spottedIconWidth	0xB4
MovieListPrefs	m_spottedIconHeight	0xB8
MovieListPrefs	m_spottedIconColor	0xBC
MovieListPrefs	m_spottedIconName	0xC0
MovieListPrefs	m_staminaIconX	0xC4
MovieListPrefs	m_staminaIconY	0xC8
MovieListPrefs	m_staminaIconWidth	0xCC
MovieListPrefs	m_staminaIconHeight	0xD0
MovieListPrefs	m_drawRingAroundTheRadar	0x14C
MovieListPrefs	m_drawSpottedIcon	0x14F
MovieListPrefs	m_drawHideIcon	0x150
MovieListPrefs	m_drawHideText	0x151
MovieListPrefs	m_damageFlashDuration	0x170
MovieListPrefs	m_damageIconSize	0x174
MovieListPrefs	m_radarPointSize	0x178
MovieListPrefs	m_playerPointSize	0x17C
MovieListPrefs	m_healthBarAttributes	0x1BC
MovieListPrefs	m_staminaBarAttributes	0x248
MovieListPrefs	m_tagProgressBarAttributes	0x2D4
MovieListPrefs	m_healthBarAttributesInvincible	0x360
MovieListPrefs	m_bossHealthBarAttributes	0x3EC
MovieListPrefs	m_bossStaminaBarAttributes	0x478
NPCPrefs	m_spActorPrefs	0x10
NPCPrefs	m_aiLowDetail	0x28
NPCPrefs	m_aiHighDetail	0x2C
NPCPrefs	m_attachments	0x48
NPCPrefs	m_spMotionPrefs	0x8C
NPCPrefs	m_spAIPrefs	0x118
NPCPrefs	m_geometry	0x438
NPCPrefs	m_icon	0x43C
NPCPrefs	m_geoScaleMin	0x440
NPCPrefs	m_geoScaleMax	0x444
NPCPrefs	m_health	0x448
NPCPrefs	m_stamina	0x44C
NPCPrefs	m_healthRecoverTime	0x450
NPCPrefs	m_staminaRecoverTime	0x454
NPCPrefs	m_exhaustTime	0x458
NPCPrefs	m_exhaustedRecoverMultiplier	0x45C
NPCPrefs	m_onDeathGib	0x460
NPCPrefs	m_allowOnDeathGibFromBolts	0x461
NPCPrefs	m_onGibSpawnNPC	0x464
NPCPrefs	m_fuzzleShakeOffTime	0x468
NPCPrefs	m_fuzzleFlopFrequency	0x46C
NPCPrefs	m_fuzzleFleeRadius	0x470
NPCPrefs	m_armadilloKnocks	0x474
NPCPrefs	m_armadilloDamageMultiplier	0x478
NPCPrefs	m_spiderImmobilizeMultiplier	0x47C
NPCPrefs	m_autoAimRadius	0x480
NPCPrefs	m_hurtReaction	0x484
NPCPrefs	m_waveBank	0x488
NPCPrefs	m_audioName	0x48C
NPCPrefs	m_bountyCategory	0x490
NPCPrefs	m_meleeWeapon	0x494
NPCPrefs	m_rangedWeapon	0x498
NPCPrefs	m_instanceOverrides	0x49C
NPCPrefs	m_canBeBountied	0x4A0
NPCPrefs	m_captureMoolah	0x4A4
NPCPrefs	m_killMoolah	0x4A8
NPCPrefs	m_bountyAmmoBoost	0x4AC
NPCPrefs	m_bountyEnduranceBoost	0x4B0
NPCPrefs	m_steefSpeakCue	0x4B4
NPCPrefs	m_replySteef	0x4B8
NPCPrefs	m_replyStranger	0x4C0
NPCPrefs	m_insultCue	0x4C8
NPCPrefs	m_insultResponseCue	0x4CC
NPCPrefs	m_affGenerally	0x4E8
NPCPrefs	m_affList	0x4EC
NPCPrefs	m_respondsToDamageDynamite	0x4F8
NPCPrefs	m_respondsToImmobilizeSkunkBomb	0x4F9
NPCPrefs	m_respondsToImmobilizeSpiderBola	0x4FA
NPCPrefs	m_respondsToTrapFuzzle	0x4FB
NPCPrefs	m_collectableSpawnLimit	0x4FC
NPCPrefs	m_onDamageCollectableSpawner	0x500
NPCPrefs	m_onExhaustCollectableSpawner	0x504
NPCPrefs	m_onDeathCollectableSpawner	0x508
NPCPrefs	m_onSteefRamAliveCollectableSpawner	0x50C
NPCPrefs	m_onStrangerRamAliveCollectableSpawner	0x510
NPCPrefsRare	m_bombBatDamageMultiplier	0x10
NPCPrefsRare	m_bombBatStaminaMultiplier	0x14
NPCPrefsRare	m_playerMeleeKnocks	0x18
NPCPrefsRare	m_playerMeleeReturnKnockback	0x1C
NPCPrefsRare	m_playerMeleeReturnDamage	0x20
NPCPrefsRare	m_playerMeleeReturnDamageDestructable	0x24
NPCPrefsRare	m_playerMeleeReturnStamina	0x28
NPCPrefsRare	m_playerMeleeReturnExhaustRecoverTime	0x2C
NPCPrefsRare	m_armadilloStaminaMultiplier	0x30
NPCPrefsRare	m_skunkBombImmobilizeMultiplier	0x34
NPCPrefsRare	m_bumpAnnoyanceTimeout	0x38
NPCPrefsRare	m_bountyableDuringImmobilize	0x3C
NPCPrefsRare	m_glokPrefsName	0x40
NPCPrefsRare	m_forceFieldPrefsName	0x48
NPCPrefsRare	m_isTouchy	0x50
NPCPrefsRare	m_isTouchyIfRammed	0x51
NPCPrefsRare	m_useMotionSphereForBoltCollide	0x52
NPCPrefsRare	m_bossNameTextureName	0x54
NPCPrefsRare	m_sndBoltHitTauntNoDamage	0x58
NPCShock	m_cue	0x0
NPCShock	m_playCueEachTime	0x4
NPCShock	m_fx	0x8
NPCShock	m_spawnIntervalLo	0x10
NPCShock	m_extraKillTime	0x10
NPCShock	m_spawnIntervalHi	0x14
NPCShock	m_numArcsToTarget	0x14
NPCShock	m_lifeTimeLo	0x18
NPCShock	m_duration_Charging	0x18
NPCShock	m_lifeTimeHi	0x1C
NPCShock	m_duration_Firing	0x1C
NPCShock	m_source	0x20
NPCShock	m_duration_Recover	0x20
NPCShock	m_dest	0x24
NPCShock	m_cue_still	0x24
NPCShock	m_cue_moving	0x28
NPCShock	m_fxdIdleArc	0x34
NPCShock	m_fxdIdleArc2	0x5C
NPCShock	m_fxdIdleSpark	0x84
NPCShock	m_fxdChargeLadder	0xAC
NPCShock	m_fxdChargingFX	0xD4
NPCShock	m_fxdChargedFX	0xFC
NPCShock	m_fxdFiringToTarget	0x124
NPCShock	m_fxdFiringArcs	0x14C
NPCShock	m_fxdRecoverSmoke	0x174
NPCShock	m_fxdFirePopFX	0x19C
NPCTag	m_npcPref	0x8
NPCTag	m_countToSpawn	0xC
NPCTag	m_maxAliveAtATime	0x10
NPCTag	m_minSpawnInterval	0x18
NPCTag	m_spawnScatterRadius	0x1C
NPCTag	m_randomFacing	0x20
NPCTag	m_whenNotSeen	0x21
NPCTag	m_maxDistanceFromHome	0x24
NPCTag	m_script	0x44
NPCTag	m_radarLocationInPurgatory	0x54
NPCTag	m_feetFixed	0x58
NPCWeaponPrefs	m_weaponType	0x178
NPCWeaponPrefs	m_fireRate	0x17C
NPCWeaponPrefs	m_fireFromTextkeys	0x180
NPCWeaponPrefs	m_reloadTime	0x184
NPCWeaponPrefs	m_reloadTimeMax	0x188
NPCWeaponPrefs	m_hitConeAngleXY	0x18C
NPCWeaponPrefs	m_hitConeAngleZ	0x190
NPCWeaponPrefs	m_hitConeHeight	0x194
NPCWeaponPrefs	m_minDistance	0x198
NPCWeaponPrefs	m_spawnPref	0x19C
NPCWeaponPrefs	m_countdown	0x1A4
NPCWeaponPrefs	m_accuracyWidth	0x1A8
NPCWeaponPrefs	m_missTime	0x1AC
NPCWeaponPrefs	m_actorTargetDetail	0x1B0
NPCWeaponPrefs	m_leadWithAverageVelocity	0x1B4
NPCWeaponPrefs	m_glokAttackSndPref	0x1B8
NPCWeaponPrefs	m_glokAttackRmbPref	0x1BC
NPCWeaponPrefs	m_glokAttackFXPref	0x1C0
NPCWeaponPrefs	m_jumpBackTimeOverride	0x1C4
NPCWeaponPrefs	m_subWeaponPrefs	0x1C8
NPCWeaponPrefs	m_subBoltPrefs	0x1CC
NPCWeaponPrefs	m_loopingFireEffectAttachBoneOverride	0x1D4
NPCWeaponPrefs	m_glokMeleeFireDelayFromSubWeapon	0x1F4
NPCWeaponPrefs	m_hitFlashTextureName	0x1F8
NPCWeaponPrefs	m_hitFlashWidth	0x200
NPCWeaponPrefs	m_hitFlashHeight	0x204
NPCWeaponPrefs	m_hitFlashCount	0x208
OrbitCamera	m_facialPoseList	0x4
OrbitCamera	m_species	0x8
OrbitCamera	m_gibEffectName	0xC
OrbitCamera	m_gibSoundName	0x10
OrbitCamera	m_gibRumbleName	0x14
OrbitCamera	m_splashVelocity	0x20
OrbitCamera	m_splashEffectName	0x24
OrbitCamera	m_smallSplashEffectName	0x28
OrbitCamera	m_drownEffectName	0x2C
OrbitCamera	m_sinkEffectName	0x30
OrbitCamera	m_rammedEffectName	0x34
OrbitCamera	m_minRandomSpeechPitch	0x4C
OrbitCamera	m_maxRandomSpeechPitch	0x50
OrbitCamera	m_cocoonPath	0x54
OrbitCamera	m_wrapPath	0x58
OrbitCamera	m_cocoonMouthPath	0x5C
OrbitCamera	m_wrapEffectPath	0x60
OrbitCamera	m_breakFreeEffectPath	0x64
ParticleSystem	m_spawnPosConstraint	0x58
ParticleSystem	m_spawnDirConstraint	0x5C
ParticleSystem	m_durationType	0x60
ParticleSystem	m_scrollSpeed	0x60
ParticleSystem	m_suctionMode	0x68
ParticleSystem	m_particleLifetimeType	0x6C
ParticleSystem	m_maxParticleCount	0x70
ParticleSystem	m_minSpawnVelocity	0x74
ParticleSystem	m_maxSpawnVelocity	0x78
ParticleSystem	m_minSpawnPitch	0x7C
ParticleSystem	m_maxSpawnPitch	0x80
ParticleSystem	m_minSpawnYaw	0x84
ParticleSystem	m_maxSpawnYaw	0x88
ParticleSystem	m_spawnSize	0x8C
ParticleSystem	m_finalSize	0x90
ParticleSystem	m_spawnAcceleration	0x94
ParticleSystem	m_spawnColor	0xA0
ParticleSystem	m_midColor	0xA4
ParticleSystem	m_spawnAngle	0xE0
ParticleSystem	m_spawnDirection	0xE4
ParticleSystem	m_particleAngularVelocity	0xF0
ParticleSystem	m_initSpawnCount	0xF4
ParticleSystem	m_spawnRate	0xF8
ParticleSystem	m_spawnDuration	0xFC
ParticleSystem	m_colorPass	0x14B
ParticleSystem	m_useRelativeVelocity	0x14C
ParticleSystem	m_ignoreWindVelocity	0x14D
ParticleSystem	m_screenAligned	0x14E
ParticleSystem	m_dontTransformAccel	0x14F
ParticleSystem	m_suctionPoint	0x168
ParticleSystem	m_particleEffectName	0x174
ParticleSystem	m_particleDeathEffectName	0x17C
ParticleSystem	m_lockSpawnToCurrentPosition	0x184
ParticleSystem	m_spawnPoint1	0x188
ParticleSystem	m_spawnPoint2	0x194
PhysParticleSystem	m_position	0xC
PhysParticleSystem	m_fadeInPercent	0x24
PhysParticleSystem	m_fadeOutPercent	0x28
PhysParticleSystem	m_dimension	0x2C
PhysParticleSystem	m_dimensionVelocity	0x34
PhysParticleSystem	m_startColor	0x44
PhysParticleSystem	m_density	0x7C
PhysParticleSystem	m_particleCount	0xA4
PhysParticleSystem	m_particleCountFactor	0xA8
PhysParticleSystem	m_avgVelocity	0xAC
PhysParticleSystem	m_avgVelocityFactor	0xB8
PhysParticleSystem	m_avgSpeed	0xC4
PhysParticleSystem	m_avgSpeedFactor	0xC8
PhysParticleSystem	m_avgRotationalSpeed	0xCC
PhysParticleSystem	m_avgRotationalSpeedFactor	0xD0
PhysParticleSystem	m_impactSnd	0xD8
PhysParticleSystem	m_impactSndWater	0xE0
PipeTag	m_active	0x60
PipeTag	m_blinking	0x61
PipeTag	m_blinkFreq	0x64
PipeTag	m_blipColor	0x68
PipeTag	m_useFacing	0x74
PipeTag	m_drawSightCone	0x78
PipeTag	m_npcPrefsToken	0x7C
PlayerArmorPrefs	m_buckAttack	0x1C
PlayerArmorPrefs	m_headButt	0xC4
PlayerArmorPrefs	m_punch	0x16C
PlayerArmorPrefs	m_ram	0x214
PlayerArmorPrefs	m_knuckleAttachment	0x2BC
PlayerPrefs	m_beast	0x8C
PlayerPrefs	m_stranger	0x2E0
PlayerPrefs	m_shakeDuration	0x374
PlayerPrefs	m_shakeWaitAfterLastDamage	0x378
PlayerPrefs	m_shakeExtraDurationFraction	0x37C
PlayerPrefs	m_endurance_ShakePerHealth	0x380
PlayerPrefs	m_endurance_3rdPersonLeftTrigger	0x384
PlayerPrefs	m_endurance_3rdPersonRightTrigger	0x388
PlayerPrefs	m_enduranceRegenRate	0x38C
PlayerPrefs	m_enduranceRegenMaxVel	0x390
PlayerPrefs	m_shakenBoltAverageSpeed	0x394
PlayerPrefs	m_rmbShakeOffFirstPerson	0x398
PlayerPrefs	m_rmbShakeOffThirdPerson	0x39C
PlayerPrefs	m_rmbDeath	0x3A0
PlayerPrefs	m_dofRange	0x3A4
PlayerPrefs	m_dofRangeDistanceAdd	0x3A8
PlayerPrefs	m_zoomMaxDist1	0x3AC
PlayerPrefs	m_zoomMaxDist2	0x3B0
PlayerPrefs	m_zoomRayRadius	0x3B4
PlayerPrefs	m_numDOFFilterPasses	0x3B8
PlayerPrefs	m_dofUVOffset	0x3BC
PlayerPrefs	m_dofDistanceLerpSpeed	0x3C0
PlayerPrefs	m_maxDofDistanceIfNoCollision	0x3C4
PlayerPrefs	m_hudAlphaFadeInTime	0x3C8
PlayerPrefs	m_hudAlphaFadeOutTime	0x3CC
PlayerPrefs	m_hudDisplayTime	0x3D0
PlayerPrefs	m_iconSizeRampTime	0x3D4
PlayerPrefs	m_hudCenterX	0x3D8
PlayerPrefs	m_hudCenterY	0x3DC
PlayerPrefs	m_hudDamageRadius	0x3E0
PlayerPrefs	m_hudSpecialRadius	0x3E4
PlayerPrefs	m_hudDamageSpinRate	0x3E8
PlayerPrefs	m_inactiveIconScale	0x3EC
PlayerPrefs	m_activeIconSize	0x3F0
PlayerPrefs	m_hudSmallTextSize	0x3F4
PlayerPrefs	m_hudLargeTextSize	0x3F8
QuadAnimationControl	m_lerpTime	0x0
QuadAnimationControl	m_ambientShadow	0x4
QuadAnimationControl	m_selfShadow	0x8
QuadAnimationControl	m_fogColor	0xC
QuadAnimationControl	m_fogStart	0x1C
QuadAnimationControl	m_fogEnd	0x20
QuadAnimationControl	m_heightFogXYDistToMaxFog	0x24
QuadAnimationControl	m_heightFogDepthToMaxFog	0x28
QuadAnimationControl	m_heightFogHeight	0x2C
QuadAnimationControl	m_heightFogColor	0x30
QuadAnimationControl	m_dofDistance	0x40
QuadAnimationControl	m_allowFreeMovement	0x48
QuadAnimationControl	m_reflectionMapName	0x4C
QuadAnimationControl	m_maxHunters	0x50
QuadAnimationControl	m_cloudShadowName	0x54
QuadAnimationControl	m_cloudShadowEnabled	0x58
QuadAnimationControl	m_cloudShadowStrength	0x5C
QuadAnimationControl	m_cloudShadowRot	0x60
QuadAnimationControl	m_cloudShadowSpeed	0x64
QuadAnimationControl	m_cloudShadowTiling	0x68
QuadAnimationControl	m_cloudShadowSingleColorScale	0x6C
QuadAnimationControl	m_distantSingleLightViewColor	0x70
QuadAnimationControl	m_distortionScale	0x80
QuadAnimationControl	m_glareStartFade	0x84
QuadAnimationControl	m_glareEndFade	0x88
QuadAnimationControl	m_transFadeOutOverrideStart	0x98
QuadAnimationControl	m_transFadeOutOverrideEnd	0x9C
QuadAnimationControl	m_baseMusicIndex	0x1D4
QuadAnimationControl	m_tensionMusicIndex	0x1D8
QuadAnimationControl	m_battleMusicIndex	0x1DC
QuadAnimationControl	m_waterMurkStrength	0x1E0
QuadAnimationControl	m_waterMurkMinStrength	0x1E4
QuadAnimationControl	m_waterMurkColor	0x1E8
QuadAnimationControl	m_surfaceSparkleFar	0x1F8
QuadAnimationControl	m_surfaceSparkleNear	0x1FC
QuadAnimationControl	m_surfaceSparkleRadius	0x200
QuadAnimationControl	m_surfaceSparkleDensity	0x204
QuadAnimationControl	m_surfaceSparkleVerticalOffset	0x208
QuadAnimationControl	m_surfaceSparkleColor	0x20C
QuadAnimationControl	m_cloudShadowStartFade	0x21C
QuadAnimationControl	m_cloudShadowEndFade	0x220
QuadAnimationControl	m_shadowMapStartFade	0x224
QuadAnimationControl	m_shadowMapEndFade	0x228
QuadAnimationControl	m_critterCuePrefs	0x22C
QuadAnimationControl	m_gameControlZone	0x230
RadarPrefs	m_writeWarningPosX	0x0
RadarPrefs	m_writeWarningPosY	0x4
RadarPrefs	m_writeWarningSizeScale	0x8
RadarPrefs	m_writeWarningTextureName	0xC
RegroupTag	m_regroupSpotFor	0x60
RegroupTag	m_occupancyLimit	0x64
RenderContext	m_r	0x0
RenderContext	m_g	0x4
RenderContext	m_b	0x8
RenderContext	m_a	0xC
RenderTarget	m_uvSpeed1	0x8
RenderTarget	m_uvSpeed2	0x10
RenderTarget	m_uvSpeed3	0x18
RenderTarget	m_degreesFullFog	0x20
RenderTarget	m_degreesNoFog	0x24
RenderTarget	m_cloudParallax1	0x28
RenderTarget	m_cloudParallax2	0x2C
RenderTarget	m_cloudTiling1	0x30
RenderTarget	m_cloudTiling2	0x34
RenderTarget	m_cloudTiling3	0x38
RenderTarget	m_colorBase	0x3C
RenderTarget	m_colorTop	0x4C
RenderTarget	m_colorSun	0x5C
RenderTarget	m_colorBaseCloud	0x6C
RenderTarget	m_colorSunCloud	0x7C
RenderTarget	m_colorInvSunCloud	0x8C
RenderTarget	m_overrideFog	0x9C
RenderTarget	m_overrideFogColor	0xA0
RenderTarget	m_texName1	0xB0
RenderTarget	m_texName2	0xB4
RenderTarget	m_texName3	0xB8
RenderTarget	m_sunBlobSizeMin	0xBC
RenderTarget	m_sunBlobSizeMax	0xC0
RenderTarget	m_sunSpikeSizeMin	0xC4
RenderTarget	m_sunSpikeSizeMax	0xC8
RenderTarget	m_sunBlobColor1	0xCC
RenderTarget	m_sunBlobColor2	0xDC
RenderTarget	m_sunBlobIntensity	0xEC
RenderTarget	m_sunSpikeColor1	0xF0
RenderTarget	m_sunSpikeColor2	0x100
RenderTarget	m_sunSpikeIntensity	0x110
RenderTarget	m_sunBlobSpeed1	0x114
RenderTarget	m_sunBlobSpeed2	0x118
RumblePrefs	m_shakePlayerWeapon	0x10
RumblePrefs	m_persistent	0x11
RumblePrefs	m_controllerSpatialization	0x18
RumblePrefs	m_screenSpatialization	0x1C
RumblePrefs	m_baseFOVScaleDegrees	0x24
RumblePrefs	m_controllerLeft	0x28
RumblePrefs	m_controllerRight	0x58
RumblePrefs	m_screenHorizontal	0x88
RumblePrefs	m_screenVertical	0xB8
RumblePrefs	m_screenRandomUseGaussian	0xE8
RumblePrefs	m_screenRandomRotRange	0xEC
RumblePrefs	m_screenRandomRotOffset	0xF0
RumblePrefs	m_screenRandomRotBleedbackTime	0xF4
ScriptVolumeTag	m_execCount	0x6C
ScriptVolumeTag	m_playerSpeechCue	0x70
SimpleActivatableInstanceTag	m_activateTarget	0x8
SimpleActivatableInstanceTag	m_triggerType	0xC
SimpleActivatableInstanceTag	m_desiredState	0x10
SkyPrefs	m_skyStretch	0x10
SkyPrefs	m_skyDownFrac	0x14
SkyPrefs	m_flaresAdditive	0x18
SkyPrefs	m_flaresTweakSize	0x1C
SkyPrefs	m_flares	0x20
SkyPrefs	m_skyParams	0x2C
SnapIn	m_timeoutTransition	0x8
SnapIn	m_triggerDownTransition	0xC
SnapIn	m_states	0x10
SnapIn	m_triggerUpTransition	0x10
SnapIn	m_weaponEmptyTransition	0x14
SnapIn	m_weaponLoadedTransition	0x18
SparkParticleSystem	m_sparkThickness	0x1A4
SparkParticleSystem	m_sparkBounceFactor	0x1A8
SparkParticleSystem	m_sparkTipRadius	0x1AC
SparkParticleSystem	m_sparkLeadThickness	0x1B0
SparkParticleSystem	m_sparkTailThickness	0x1B4
SparkParticleSystem	m_sparkGlareThickness	0x1B8
SparkParticleSystem	m_sparkLength	0x1BC
SparkParticleSystem	m_sparkGlareLength	0x1C0
SparkParticleSystem	m_sparkTailStartColor	0x1C4
SparkParticleSystem	m_sparkTailEndColor	0x1C8
SparkParticleSystem	m_sparkTipStartColor	0x1CC
SparkParticleSystem	m_sparkTipEndColor	0x1D0
SparkParticleSystem	m_collideMod	0x1D4
SparkParticleSystem	m_sparkTailTextureName	0x1D8
SpotLightTag	m_color	0x60
SpotLightTag	m_intensity	0x70
SpotLightTag	m_normalHardness	0x74
SpotLightTag	m_maxIntensity	0x7C
SpotLightTag	m_shadows	0x80
SpotLightTag	m_affectsRT	0x81
SpotLightTag	m_affectsLM	0x82
SpotLightTag	m_fill	0x83
SpotLightTag	m_indoor	0x84
SpotLightTag	m_direction	0x88
SpotLightTag	m_innerAngle	0x94
SpotLightTag	m_outerAngle	0x98
StaticObject	m_id	0x0
StaticObject	m_priceOverride	0x4
StaticObject	m_quantity	0x8
StorePrefs	m_itemDefaultsAmmo	0x14
StorePrefs	m_itemDefaultsArmor	0x20
StorePrefs	m_itemDefaultsUpgrades	0x2C
StorePrefs	m_itemDefaultsOther	0x38
TagIlluminationTag	m_illuminationColor	0xC
TagIlluminationTag	m_width	0x60
TagIlluminationTag	m_depth	0x64
TagIlluminationTag	m_height	0x68
TagIlluminationTag	m_leftSpline	0x8C
TagIlluminationTag	m_rightSpline	0xB4
TagIlluminationTag	m_metaData	0xDC
TagIlluminationTag	m_flowRate	0xE8
TextOverlayPrefs	m_texture	0x0
TextOverlayPrefs	m_xAdvance	0xC
TextOverlayPrefs	m_yAdvance	0x10
TextOverlayPrefs	m_backgroundColor	0x10
TextOverlayPrefs	m_xOffset	0x14
TextOverlayPrefs	m_edgeColor	0x14
TextOverlayPrefs	m_yOffset	0x18
TextOverlayPrefs	m_textColor	0x18
TextOverlayPrefs	m_pressAbackgroundColor	0x1C
TextOverlayPrefs	m_pressAedgeColor	0x20
TextOverlayPrefs	m_pressAtextColor	0x24
TextOverlayPrefs	m_edgeThickness	0x28
TextOverlayPrefs	m_scaleDuration	0x2C
TextOverlayPrefs	m_openDuration	0x30
TextOverlayPrefs	m_doTwoStepScale	0x3C
TextOverlayPrefs	m_fontHeight	0x40
TextOverlayPrefs	m_fontHeightPadding	0x44
TextOverlayPrefs	m_maxLineWidth	0x48
TextOverlayPrefs	m_fadeRate	0x4C
TextOverlayPrefs	m_minBottomInset	0x50
TextOverlayPrefs	m_maxVerticalExpansion	0x54
TextOverlayPrefs	m_verticalExpansionRate	0x58
TextOverlayPrefs	m_rectangles	0x5C
TextOverlayPrefs	m_highlights	0x68
TextOverlayPrefs	m_icons	0x74
TownPanicController	m_fractionSpawned	0x4
TownPanicController	m_minSpeed	0x8
TownPanicController	m_minSpeedRate	0xC
TownPanicController	m_maxSpeed	0x10
TownPanicController	m_maxSpeedRate	0x14
TownPanicController	m_numParticles	0x18
TownPanicController	m_randomRadius	0x1C
TownPanicController	m_minSize	0x20
TownPanicController	m_maxSize	0x24
TownPanicController	m_minSpin	0x28
TownPanicController	m_maxSpin	0x2C
TownPanicPrefs	m_mySpecies	0x10
TownPanicPrefs	m_minDistToSteefSqr	0x14
TownPanicPrefs	m_timeBetweenTurretActivates	0x18
TownPanicPrefs	m_growRadiusBy	0x1C
TownPanicPrefs	m_beginningRadius	0x20
TownPanicPrefs	m_radiusMax	0x24
TownPanicPrefs	m_followTeleportals	0x28
TownPanicPrefs	m_panicForever	0x29
TownPanicPrefs	m_timeBetweenTurretDeactivates	0x2C
TownPanicPrefs	m_turretDeactivateRandomness	0x30
TownPanicPrefs	m_turretFiredRecoveryTime	0x34
TownPanicPrefs	m_bellRingRecoveryTime	0x38
TownPanicPrefs	m_bellRingRecoveryTimeNoTurrets	0x3C
TownPanicPrefs	m_alarmCue	0x5C
TownPanicPrefs	m_panicOtherCue	0x60
TownPanicPrefs	m_panicSteefCue	0x64
TownPanicPrefs	m_insideOtherCue	0x68
TownPanicPrefs	m_insideSteefCue	0x6C
TownPanicPrefs	m_emergeOtherCue	0x70
TownPanicPrefs	m_emergeSteefCue	0x74
TumbleParticleSystem	m_constantVelocity	0x14
TumbleParticleSystem	m_diffuseColor	0x20
TumbleParticleSystem	m_particleDensity	0x30
TumbleParticleSystem	m_particleSize	0x34
TumbleParticleSystem	m_falloffDistance	0x38
TumbleParticleSystem	m_turbulenceCoeffVelocity	0x3C
TumbleParticleSystem	m_turbulenceFreqVelocity	0x40
TumbleParticleSystem	m_turbulenceCoeff0	0x44
TumbleParticleSystem	m_turbulenceCoeff1	0x48
TumbleParticleSystem	m_turbulenceCoeff2	0x4C
TumbleParticleSystem	m_turbulenceCoeff3	0x50
TumbleParticleSystem	m_offsetScale	0x54
VMInstanceInternal	m_speedOverride	0x4
VMInstanceInternal	m_positiveAnimPath	0x8
VMInstanceInternal	m_negativeAnimPath	0xC
VMInstanceInternal	m_rightAnimPath	0x10
VMInstanceInternal	m_leftAnimPath	0x14
WaterPrefs	m_rangeXY	0x0
WaterPrefs	m_rangeTop	0x4
WaterPrefs	m_rangeBottom	0x8
WaterPrefs	m_checkLOS	0xC
WaterPrefs	m_checkInView	0xD
WaterPrefs	m_reflectionColor	0x10
WaterPrefs	m_DBG_color	0x10
WaterPrefs	m_renderSpecular	0x14
WaterPrefs	m_specularStrength	0x18
WaterPrefs	m_minFresnel	0x1C
WaterPrefs	m_maxFresnel	0x20
WaterPrefs	m_fresnelDistanceScale	0x24
WaterPrefs	m_mipmapBias	0x28
WaterPrefs	m_distortionTex0	0x2C
WaterPrefs	m_distortionTex1	0x30
WaterPrefs	m_distortionTex2	0x34
WaterPrefs	m_distortionTexParams0	0x38
WaterPrefs	m_distortionTexParams1	0x48
WaterPrefs	m_distortionTexParams2	0x58
WeaponPrefs	m_weaponName	0x10
WeaponPrefs	m_reloadFXLeft	0x14
WeaponPrefs	m_reloadFXRight	0x18
WeaponPrefs	m_primaryProjSpeed_HACK	0x1C
WeaponPrefs	m_sniperSpeedUp_HACK	0x20
WeaponPrefs	m_altProjSpeed_HACK	0x24
WeaponPrefs	m_autoPunchEnabled	0x28
WeaponPrefs	m_rampTime	0x2C
WeaponPrefs	m_maxFriction	0x30
WeaponPrefs	m_maxAdhesion	0x34
WeaponPrefs	m_maxAssistPixels	0x38
WeaponPrefs	m_peakMagnetismDist	0x3C
WeaponPrefs	m_peakMagnetismAngle	0x40
WeaponPrefs	m_hudDisplayTimeWhenCycled	0x48
WeaponPrefs	m_hudAlphaFadeTime	0x4C
WeaponPrefs	m_hudAlphaFadeTimeWhenFired	0x50
WeaponPrefs	m_hudSwitchTime	0x54
WeaponPrefs	m_hudPreventSwitchToNext	0x58
WeaponPrefs	m_hudCursorOffsetX	0x5C
WeaponPrefs	m_hudCursorOffsetY	0x60
WeaponPrefs	m_hudCursorRadius	0x64
WeaponPrefs	m_hudUseDampedDrive	0x6C
WeaponPrefs	m_cycleTime	0x88
WeaponPrefs	m_ammoTextScale	0x8C
WeaponPrefs	m_ammoTextOffsetX	0x90
WeaponPrefs	m_ammoTextOffsetY	0x94
WeaponPrefs	m_ammoDisplayBackgroundScaleX	0x98
WeaponPrefs	m_ammoDisplayBackgroundScaleY	0x9C
WeaponPrefs	m_ammoDisplayBackgroundEmptyScaleX	0xA0
WeaponPrefs	m_ammoDisplayBackgroundEmptyScaleY	0xA4
WeaponPrefs	m_ammoDisplayTextSpacing	0xA8
WeaponPrefs	m_ammoDisplayBackgroundEndOffsetX	0xAC
WeaponPrefs	m_ammoDisplayBackgroundEndOffsetY	0xB0
WeaponPrefs	m_ammoDisplayOffsetLeftX	0xB4
WeaponPrefs	m_ammoDisplayOffsetLeftY	0xB8
WeaponPrefs	m_ammoDisplayOffsetRightX	0xBC
WeaponPrefs	m_ammoDisplayOffsetRightY	0xC0
WeaponPrefs	m_ammoLeftInfinityX	0xC4
WeaponPrefs	m_ammoLeftInfinityY	0xC8
WeaponPrefs	m_ammoStages	0x118
WeaponPrefs	m_geomConfig	0x130
WeaponPrefs	m_animConfig	0x140
WeaponPrefs	m_initialDamageLoadout	0x150
WeaponPrefs	m_initialSpecialLoadout	0x15C
Wolvark_06_5_cb_Tag_Decorator_sekto_charge_lights1	m_ringRotationRateDegrees	0x10
Wolvark_06_5_cb_Tag_Decorator_sekto_charge_lights1	m_duration_BigShot	0x18
Wolvark_06_5_cb_Tag_Decorator_sekto_charge_lights1	m_bigShotDamageRate	0x1C
Wolvark_06_5_cb_Tag_Decorator_sekto_charge_lights1	m_bigShotRayRadius	0x20
Wolvark_06_5_cb_Tag_Decorator_sekto_charge_lights1	m_bigShotKnockVel	0x24
Wolvark_06_5_cb_Tag_Decorator_sekto_charge_lights1	m_chargeObjectName	0x28
Wolvark_06_5_cb_Tag_Decorator_sekto_charge_lights1	m_laserBeamPrefsName	0x2C
WorldTag	m_zoneName	0x0
WorldTag	m_fromZone	0x0
WorldTag	m_visibleFrom	0x0
WorldTag	m_zone	0x0
WorldTag	m_geometryToken	0x0
WorldTag	m_isInside	0x4
WorldTag	m_enabledByDefault	0x4
WorldTag	m_toZone	0x4
WorldTag	m_proxyZone	0x4
WorldTag	m_adjacentZone	0x4
WorldTag	m_overrideLMDensity	0x5
WorldTag	m_localLMDensity	0x8
WorldTag	m_polygon	0x8
WorldTag	m_frameFrom	0x8
WorldTag	m_proxyZoneName	0x8
WorldTag	m_frontZone	0x14
WorldTag	m_backZone	0x18
WorldTag	m_frameTo	0x38
WorldTag	m_levelPrefs	0x60
WorldTag	m_polygonFrom	0x68
WorldTag	m_polygonTo	0x74
WorldTag	m_zoneAABB	0x240
WorldTag	m_fromTagfile	0x258
WorldTag	m_exportInfo	0x25C
WorldTag	m_smbFileNames	0x2E4
WorldTag	m_zones	0x2F0
WorldTag	m_portals	0x2FC
WorldTag	m_teleportPortals	0x308
WorldTag	m_proxyVisibility	0x314
WorldTag	m_areaAdjacency	0x320
WorldTag	m_worldGeometries	0x32C
WorldTag	m_worldIsSection	0x338
WorldTag	m_predictedPlayerStartZone	0x33C
XBowToHand	m_gameControl	0x0
XBowToHand	m_amplitude	0x0
XBowToHand	m_amplitudeMin	0x0
XBowToHand	m_enabled	0x0
XBowToHand	m_inputType	0x0
XBowToHand	m_frequency	0x4
XBowToHand	m_amplitudeMax	0x4
XBowToHand	m_ADSR_global_rand	0x4
XBowToHand	m_input_global_rand	0x4
XBowToHand	m_envelope	0x4
XBowToHand	m_offset	0x8
XBowToHand	m_amplitudeMin_rand	0x8
XBowToHand	m_interpolation	0x8
XBowToHand	m_constant	0x8
XBowToHand	m_peakLevel	0x8
XBowToHand	m_amplitude_rand	0xC
XBowToHand	m_amplitudeMax_rand	0xC
XBowToHand	m_power	0xC
XBowToHand	m_offsetDur	0xC
XBowToHand	m_sine	0xC
XBowToHand	m_frequency_rand	0x10
XBowToHand	m_delay	0x10
XBowToHand	m_offsetLevel	0x10
XBowToHand	m_offset_rand	0x14
XBowToHand	m_attackDur	0x14
XBowToHand	m_attackPeakLevel	0x18
XBowToHand	m_noise	0x18
XBowToHand	m_duration_rand	0x1C
XBowToHand	m_decayDur	0x1C
XBowToHand	m_global_rand	0x1C
XBowToHand	m_power_rand	0x20
XBowToHand	m_sustainLevel	0x20
XBowToHand	m_delay_rand	0x24
XBowToHand	m_sustainDur	0x24
XBowToHand	m_curve	0x24
XBowToHand	m_inputs	0x24
XBowToHand	m_holdBegin	0x28
XBowToHand	m_releaseDur	0x28
XBowToHand	m_holdEnd	0x29
XBowToHand	m_flip	0x2A
XBowToHand	m_releaseLevel	0x2C
XBowToHand	m_offsetDur_rand	0x30
XBowToHand	m_base	0x30
XBowToHand	m_offsetLevel_rand	0x34
XBowToHand	m_attackDur_rand	0x38
XBowToHand	m_attackPeakLevel_rand	0x3C
XBowToHand	m_scale	0x3C
XBowToHand	m_decayDur_rand	0x40
XBowToHand	m_sustainLevel_rand	0x44
XBowToHand	m_sustainDur_rand	0x48
XBowToHand	m_releaseDur_rand	0x4C
XBowToHand	m_releaseLevel_rand	0x50
XBowToHand	m_startDisguised	0x234
XBowToHand	m_canChangeDisguise	0x235
XBowToHand	m_levelContainsNakedSteef	0x236
XBowToHand	m_startNaked	0x237
XBowToHand	m_pipeDebugView	0x238
XBowToHand	m_sunLightColor	0x23C
XBowToHand	m_sunLightDirection	0x24C
XBowToHand	m_sunLightIntensity	0x258
XBowToHand	m_sunLightNormalHardness	0x25C
XBowToHand	m_lightmapperTexelSize	0x260
XBowToHand	m_lightmapperCreaseAngleDegrees	0x264
XBowToHand	m_skyPrefsFile	0x268
XBowToHand	m_waterPrefsFile	0x26C
XBowToHand	m_audioPrefsFile	0x270
XBowToHand	m_levelWaveBankOverride	0x274
XBowToHand	m_flowMarkerPrefsFile	0x278
XBowToHand	m_townsfolkAnnoyedCue	0x280
